category,book,book_id,author,publisher,edition,total_pages,pages_scraped,status,topics,url,file
العقيدة,أصول السنة لأحمد بن حنبل,6418,أبو عبد الله أحمد بن محمد بن حنبل بن هلال بن أسد الشيباني (ت ٢٤١هـ),دار المنار - الخرج - السعودية,الأولى، ١٤١١هـ,٦٣,47,complete,١ - الإيمان بالقدر خيره وشره | ٢ - (والقرآن كلام الله وليس بمخلوق) | ٣ - والإيمان بالرؤية يوم القيامة | ٤ - وأن النبي قد رأى ربه | ٥ - والإيمان بالميزان | ٦ - وأن الله تعالى يكلمه العباد يوم القيامة ليس بينهم وبينه ترجمان | ٧ - والإيمان بالحوض | ٨ - الإيمان بعذاب القبر | ٩ - وأن هذه الأمة تفتن في قبورها | ١٠ - والإيمان بشفاعة النبي صلى الله عليه وسلم | ١١ - والإيمان أن المسيح الدجال خارج مكتوب بين عينيه كافر | ١٢ - وأن عيسى ابن مريم عليه السلام ينزل | ١٣ - والإيمان قول وعمل يزيد وينقص | ١٤ - وخير هذه الأمة بعد نبيها | ١٥ - والسمع والطاعة للأئمة وأمير المؤمنين | ١٦ - والغزو ماض مع الإمام إلى يوم القيامة | ١٧ - وقسمة الفيء وإقامة الحدود إلى الأئمة | ١٨ - ودفع الصدقات إليهم جائزة نافذة | ١٩ - وصلاة الجمعة خلفه وخلف من ولاه جائزة باقية تامة | ٢٠ - ومن خرج على إمام من أئمة المسلمين | ٢١ - ولا يحل قتال السلطان ولا الخروج عليه لأحد من الناس | ٢٢ - وقتال اللصوص والخوارج جائز | ٢٣ - ولا نشهد على أهل القبلة بعمل يعمله بجنة ولا نار | ٢٤ - ومن لقي الله بذنب يجب له النار تائبا غير مصر عليه فإن الله يتوب عليه | ٢٥ - من لقيه وقد أقيم عليه حد ذلك الذنب في الدنيا فهو كفارته | ٢٦ - ومن لقيه مصرا غير تائب من الذنوب التي استوجب بها العقوبة فأمره إلى الله | ٢٧ - ومن لقيه من كافر عذبه ولم يغفر له | ٢٨ - والرجم حق على من زنا وقد أحصن إذا اعترف أو قامت عليه بينته | ٢٩ - ومن انتقص أحدا من أصحاب رسول الله | ٣٠ - والنفاق هو الكفر أن يكفر بالله ويعبد غيره ويظهر الإسلام في العلانية | ٣١ - (ثلاث من كن فيه فهو منافق) على التغليظ نرويها كما جاءت | ٣٢ - والجنة والنار مخلوقتان | ٣٣ - (ومن مات من أهل القبلة موحدا),https://shamela.ws/book/6418,shamela_output/العقيدة/أصول_السنة_لأحمد_بن_حنبل.txt
العقيدة,الإيمان - أبو عبيد - ط المعارف,11316,أبو عُبيد القاسم بن سلام (١٥٧ - ٢٢٤ هـ),مكتبة المعارف للنشر والتوزيع - الرياض,الأولى [لمكتبة المعارف]، ١٤٢١ هـ -٢٠٠٠ م,٩٩,101,complete,[+] | مقدمة المحقق | ترجمة المصنف الإمام ابن سلام | وصف الأصل الخطي | ١ - باب نعت الإيمان في استكماله ودرجاته | ٢ - باب الاستثناء في الإيمان | ٣ - باب الزيادة في الإيمان والانتقاص منه | ٤ - باب تسمية الإيمان بالقول دون العمل | ٥ - باب من جعل الإيمان المعرفة بالقلب وإن لم يكن عمل | ٦ - باب ذكر ما عابت به العلماء من جعل الإيمان قولا بلا عمل، وما نهوا عنه من مجالستهم | ٧ - باب الخروج من الإيمان بالمعاصي. | ٨ - باب ذكر الذنوب التي تلحق بالكبائر بلا خروج من الإيمان,https://shamela.ws/book/11316,shamela_output/العقيدة/الإيمان_-_أبو_عبيد_-_ط_المعارف.txt
العقيدة,الإيمان - أبو عبيد - ط المكتب الإسلامي,1269,أبو عُبيد القاسم بن سلاّم (١٥٧ - ٢٢٤ هـ),,الثانية، ١٤٠٣ هـ - ١٩٨٣ م,٥١,70,complete,[+] | مقدمة المحقق | ترجمة المصنف الإمام ابن سلام | وصف الأصل الخطي | باب نعت الإيمان في استكماله ودرجاته | باب الاستثناء في الإيمان | باب الزيادة في الإيمان والانتقاص منه | باب تسمية الإيمان بالقول دون العمل | باب من جعل الإيمان المعرفة بالقلب وإن لم يكن عمل | باب ذكر ما عابت به العلماء من جعل الإيمان قولا بلا عمل، وما نهوا عنه من مجالسهم | باب الخروج من الإيمان بالمعاصي | باب ذكر الذنوب التي تلحق بالكبائر بلا خروج من الإيمان | قال أبو عبيد: ذكر الأصناف الخمسة الذين تركنا صفاتهم في صدر كتابنا هذا,https://shamela.ws/book/1269,shamela_output/العقيدة/الإيمان_-_أبو_عبيد_-_ط_المكتب_الإسلامي.txt
العقيدة,الإيمان - أبو عبيد - ط مسلم,1275,أبو عبيد القاسم بن سلام الهروي (ت ٢٢٤ هـ),دار الإمام مسلم - المدينة المنورة,الأولى، ١٤٣٢ هـ - ٢٠١١ م,١١٣,104,complete,[+] | مقدمة التحقيق | اسم الكتاب | توثيق نسبته إلى مؤلفه | موضوع الكتاب | منهج المؤلف | [+] | ترجمة موجزة للإمام أبي عبيد ﵀ | اسمه ونسبه ومولده | شيوخه | تلاميذه | مكانته العلمية وثناء العلماء عليه | وفاته | منهج التحقيق | وصف النسخة الخطية | باب نعت الإيمان في استكماله ودرجاته | باب الاستثناء في الإيمان | باب الزيادة في الإيمان والانتقاص منه | باب تسمية الإيمان بالقول دون العمل | باب من جعل الإيمان المعرفة بالقلب وإن لم يكن عمل | باب ذكر ما عابت به العلماء من جعل الإيمان قولا بلا عمل، وما نهوا عنه من مجالستهم | باب الخروج من الإيمان بالمعاصي | باب ذكر الذنوب التي تلحق بالكبائر بلا خروج من الإيمان,https://shamela.ws/book/1275,shamela_output/العقيدة/الإيمان_-_أبو_عبيد_-_ط_مسلم.txt
العقيدة,الإيمان - ابن أبي شيبة,7767,أبو بكر عبد الله بن محمد بن أبي شيبة (١٩٥ - ٢٣٥ هـ),المكتب الإسلامي - بيروت,الثانية، ١٤٠٣ هـ - ١٩٨٣ م,٤٩,151,complete,"مقدمة الناشر | [+] | مقدمة المحقق | [+] | وصف الأصول | ١ - وقد اعتمدت في طبع الرسالة الأولى ""الإيمان لابن أبي شيبة"" | ٢ - وأما الرسالة الثانية ""الإيمان لأبي عبيد"" | ٣ - وأما الرسالة الثالثة: ""العلم لأبي خيثمة"" | ترجمة المصنف | مقدمة المصنف | ما ذكر في الإيمان",https://shamela.ws/book/7767,shamela_output/العقيدة/الإيمان_-_ابن_أبي_شيبة.txt
العقيدة,الحيدة والاعتذار في الرد على من قال بخلق القرآن,7610,أبو الحسن عبد العزيز بن يحيى بن مسلم بن ميمون الكناني المكي (ت ٢٤٠هـ),مكتبة العلوم والحكم، المدينة المنورة، المملكة العربية السعودية,الثانية، ١٤٢٣هـ/٢٠٠٢م,٨٩,86,complete,مقدمة | النص المحقق | مصادر ومراجع,https://shamela.ws/book/7610,shamela_output/العقيدة/الحيدة_والاعتذار_في_الرد_على_من_قال_بخلق_القرآن.txt
العقيدة,الفقه الأبسط,6387,ينسب لأبي حنيفة النعمان (ت ١٥٠ هـ),مكتبة الفرقان - الإمارات,الأولى، ١٤١٩ هـ - ١٩٩٩ م,١٦٧,54,complete,بسم الله الرحمن الرحيم | من أصول أهل السنة والجماعة | أفضل الفقه وتعريف الإيمان وأركانه | حكم من كذب بالخلق او انكر معلوما من الدين بالضرورة | كلامه عن الاستطاعة | الرد على من زعم ان الله لم يخلق الشر | القول فيمن يشك في إيمانه | المؤمن قد يعذب بذنوبه | الكفار يؤمنون عند المعاينة | أثر معاذ | وجوب الهجرة الى الله | إثبات العلو | اثبات عذاب القبر | تحريم التألي على الله | وجوب لزوم القرآن | الاستثناء في الإيمان,https://shamela.ws/book/6387,shamela_output/العقيدة/الفقه_الأبسط.txt
العقيدة,الفقه الأكبر,6388,ينسب لأبي حنيفة النعمان (ت ١٥٠هـ),مكتبة الفرقان - الإمارات العربية,الأولى، ١٤١٩هـ - ١٩٩٩م,١٦٧,92,complete,بيان أصول الإيمان | وحدانية الله تعالى | الصفات الذاتية والفعلية | صفات الله أزلية | القول في القرآن | القول في الصفات | القول في القدر | ما فطر الله عليه الناس | الطاعات محبوبة لله والمعاصي مقدورة غير محبوبة | القول في عصمة الأنبياء | القول في الرسول صلى الله عليه وسلم | المفاضلة بين الصحابة | لا يكفر مسلم بذنب ما لم يستحله | ذكر بعض من عقائد اهل السنة | آيات الأنبياء وكرامات الأولياء حق | رؤية الله في الآخرة | تعريف الإيمان | علاقة الإسلام والإيمان | معرفتنا بالله تعالى | شفاعة الأنبياء والميزان والحوض | الجنة والنار لا تفنيان | عذاب القبر | معنى القرب والبعد | القول في تفاضل آيات القرآن | أبناء رسول الله وبناته | أشراط الساعة | الشرح الميسر للفقه الأبسط المنسوب لأبي حنيفة رواية أبي مطيع البلخي عن أبي حنيفة | بسم الله الرحمن الرحيم | من أصول أهل السنة والجماعة | أفضل الفقه وتعريف الإيمان وأركانه | حكم من كذب بالخلق او انكر معلوما من الدين بالضرورة | كلامه عن الاستطاعة | الرد على من زعم ان الله لم يخلق الشر | القول فيمن يشك في إيمانه | المؤمن قد يعذب بذنوبه | الكفار يؤمنون عند المعاينة | أثر معاذ | وجوب الهجرة الى الله | إثبات العلو | اثبات عذاب القبر | تحريم التألي على الله | وجوب لزوم القرآن | الاستثناء في الإيمان,https://shamela.ws/book/6388,shamela_output/العقيدة/الفقه_الأكبر.txt
العقيدة,كتاب الأصنام,6513,أبو المنذر هشام بن محمد أبي النضر ابن السائب ابن بشر الكلبي (ت ٢٠٤هـ),دار الكتب المصرية - القاهرة,الرابعة، ٢٠٠٠م,٦٤,60,complete,بسم الله الرحمن الرحيم | تم كتاب الأصنام والحمد لله رب العالمين,https://shamela.ws/book/6513,shamela_output/العقيدة/كتاب_الأصنام.txt
